{
    "bfiL3Psycho1": {
        "invalid response": 0,
        "e": 3.0,
        "a": 3.0,
        "c": 3.0,
        "n": 3.0,
        "o": 3.0
    },
    "bfiL3Psycho2": {
        "invalid response": 0,
        "e": 3.3333333333333335,
        "a": 3.3333333333333335,
        "c": 3.0,
        "n": 2.6666666666666665,
        "o": 4.0
    },
    "bfiL3Psycho3": {
        "invalid response": 0,
        "e": 3.0,
        "a": 4.666666666666667,
        "c": 3.6666666666666665,
        "n": 2.3333333333333335,
        "o": 4.333333333333333
    },
    "bfiL3Psycho4": {
        "invalid response": 0,
        "e": 4.0,
        "a": 5.0,
        "c": 4.0,
        "n": 3.0,
        "o": 4.666666666666667
    },
    "bfiL3Psycho5": {
        "invalid response": 0,
        "e": 3.3333333333333335,
        "a": 4.666666666666667,
        "c": 3.3333333333333335,
        "n": 2.0,
        "o": 4.333333333333333
    },
    "bfiL3Psycho6": {
        "invalid response": 0,
        "e": 3.3333333333333335,
        "a": 4.666666666666667,
        "c": 3.6666666666666665,
        "n": 2.0,
        "o": 4.333333333333333
    },
    "bfiL3Psycho7": {
        "invalid response": 0,
        "e": 3.6666666666666665,
        "a": 3.3333333333333335,
        "c": 3.0,
        "n": 2.6666666666666665,
        "o": 3.0
    },
    "bfiL3Psycho8": {
        "invalid response": 0,
        "e": 3.6666666666666665,
        "a": 5.0,
        "c": 4.0,
        "n": 2.3333333333333335,
        "o": 5.0
    },
    "bfiL3Psycho9": {
        "invalid response": 0,
        "e": 3.6666666666666665,
        "a": 5.0,
        "c": 3.3333333333333335,
        "n": 2.3333333333333335,
        "o": 5.0
    },
    "bfiL3Psycho10": {
        "invalid response": 0,
        "e": 3.3333333333333335,
        "a": 4.0,
        "c": 3.0,
        "n": 2.6666666666666665,
        "o": 4.666666666666667
    },
    "bfiL3Psycho11": {
        "invalid response": 0,
        "e": 4.0,
        "a": 4.666666666666667,
        "c": 3.6666666666666665,
        "n": 2.3333333333333335,
        "o": 4.666666666666667
    },
    "bfiL3Psycho12": {
        "invalid response": 0,
        "e": 3.6666666666666665,
        "a": 5.0,
        "c": 3.3333333333333335,
        "n": 2.3333333333333335,
        "o": 5.0
    },
    "bfiL3Psycho13": {
        "invalid response": 0,
        "e": 3.6666666666666665,
        "a": 4.666666666666667,
        "c": 3.0,
        "n": 2.3333333333333335,
        "o": 4.333333333333333
    },
    "bfiL3Psycho14": {
        "invalid response": 0,
        "e": 3.6666666666666665,
        "a": 5.0,
        "c": 5.0,
        "n": 1.6666666666666667,
        "o": 4.666666666666667
    },
    "bfiL3Psycho15": {
        "invalid response": 0,
        "e": 3.3333333333333335,
        "a": 4.666666666666667,
        "c": 3.3333333333333335,
        "n": 2.0,
        "o": 4.666666666666667
    },
    "bfiL3Psycho16": {
        "invalid response": 0,
        "e": 3.0,
        "a": 3.0,
        "c": 3.0,
        "n": 2.6666666666666665,
        "o": 2.6666666666666665
    },
    "bfiL3Psycho17": {
        "invalid response": 0,
        "e": 3.3333333333333335,
        "a": 5.0,
        "c": 3.3333333333333335,
        "n": 1.6666666666666667,
        "o": 5.0
    },
    "bfiL3Psycho18": {
        "invalid response": 0,
        "e": 3.0,
        "a": 3.0,
        "c": 3.0,
        "n": 2.3333333333333335,
        "o": 3.0
    },
    "bfiL3Psycho19": {
        "invalid response": 0,
        "e": 3.6666666666666665,
        "a": 4.333333333333333,
        "c": 3.0,
        "n": 2.3333333333333335,
        "o": 4.333333333333333
    },
    "bfiL3Psycho20": {
        "invalid response": 0,
        "e": 4.0,
        "a": 5.0,
        "c": 3.6666666666666665,
        "n": 1.6666666666666667,
        "o": 4.0
    },
    "bfiL3Psycho21": {
        "invalid response": 0,
        "e": 2.6666666666666665,
        "a": 3.3333333333333335,
        "c": 3.0,
        "n": 2.3333333333333335,
        "o": 3.3333333333333335
    },
    "bfiL3Psycho22": {
        "invalid response": 0,
        "e": 3.6666666666666665,
        "a": 4.666666666666667,
        "c": 4.0,
        "n": 1.0,
        "o": 4.333333333333333
    },
    "bfiL3Psycho23": {
        "invalid response": 0,
        "e": 3.0,
        "a": 3.0,
        "c": 2.6666666666666665,
        "n": 2.6666666666666665,
        "o": 3.3333333333333335
    },
    "bfiL3Psycho24": {
        "invalid response": 0,
        "e": 3.6666666666666665,
        "a": 4.666666666666667,
        "c": 4.333333333333333,
        "n": 2.3333333333333335,
        "o": 5.0
    },
    "bfiL3Psycho25": {
        "invalid response": 0,
        "e": 3.0,
        "a": 3.0,
        "c": 3.0,
        "n": 2.6666666666666665,
        "o": 3.3333333333333335
    },
    "bfiL3Psycho26": {
        "invalid response": 0,
        "e": 3.0,
        "a": 4.333333333333333,
        "c": 3.0,
        "n": 2.0,
        "o": 3.6666666666666665
    },
    "bfiL3Psycho27": {
        "invalid response": 0,
        "e": 3.6666666666666665,
        "a": 5.0,
        "c": 4.333333333333333,
        "n": 1.6666666666666667,
        "o": 5.0
    },
    "bfiL3Psycho28": {
        "invalid response": 0,
        "e": 3.0,
        "a": 3.6666666666666665,
        "c": 3.0,
        "n": 3.0,
        "o": 3.6666666666666665
    },
    "bfiL3Psycho29": {
        "invalid response": 0,
        "e": 3.6666666666666665,
        "a": 4.333333333333333,
        "c": 3.0,
        "n": 2.3333333333333335,
        "o": 5.0
    },
    "bfiL3Psycho30": {
        "invalid response": 0,
        "e": 3.0,
        "a": 3.6666666666666665,
        "c": 3.0,
        "n": 3.0,
        "o": 4.0
    },
    "bfiL3Psycho31": {
        "invalid response": 0,
        "e": 3.3333333333333335,
        "a": 3.6666666666666665,
        "c": 3.0,
        "n": 2.3333333333333335,
        "o": 3.6666666666666665
    },
    "bfiL3Psycho32": {
        "invalid response": 0,
        "e": 3.0,
        "a": 3.6666666666666665,
        "c": 3.0,
        "n": 2.6666666666666665,
        "o": 4.666666666666667
    },
    "bfiL3Psycho33": {
        "invalid response": 0,
        "e": 3.0,
        "a": 3.0,
        "c": 3.0,
        "n": 2.3333333333333335,
        "o": 3.0
    },
    "bfiL3Psycho34": {
        "invalid response": 0,
        "e": 3.0,
        "a": 3.0,
        "c": 3.0,
        "n": 2.6666666666666665,
        "o": 3.0
    },
    "bfiL3Psycho35": {
        "invalid response": 0,
        "e": 3.0,
        "a": 4.666666666666667,
        "c": 3.6666666666666665,
        "n": 2.0,
        "o": 4.0
    },
    "bfiL3Psycho36": {
        "invalid response": 0,
        "e": 3.6666666666666665,
        "a": 3.6666666666666665,
        "c": 3.0,
        "n": 2.3333333333333335,
        "o": 4.0
    },
    "bfiL3Psycho37": {
        "invalid response": 0,
        "e": 4.0,
        "a": 5.0,
        "c": 3.6666666666666665,
        "n": 1.6666666666666667,
        "o": 4.666666666666667
    },
    "bfiL3Psycho38": {
        "invalid response": 0,
        "e": 4.0,
        "a": 5.0,
        "c": 4.666666666666667,
        "n": 1.3333333333333333,
        "o": 5.0
    },
    "bfiL3Psycho39": {
        "invalid response": 0,
        "e": 4.0,
        "a": 4.333333333333333,
        "c": 3.6666666666666665,
        "n": 1.6666666666666667,
        "o": 4.666666666666667
    },
    "bfiL3Psycho40": {
        "invalid response": 0,
        "e": 3.0,
        "a": 4.666666666666667,
        "c": 3.0,
        "n": 2.3333333333333335,
        "o": 4.0
    },
    "bfiL3Psycho41": {
        "invalid response": 0,
        "e": 3.0,
        "a": 4.666666666666667,
        "c": 3.3333333333333335,
        "n": 2.3333333333333335,
        "o": 4.666666666666667
    },
    "bfiL3Psycho42": {
        "invalid response": 0,
        "e": 4.333333333333333,
        "a": 5.0,
        "c": 4.666666666666667,
        "n": 1.6666666666666667,
        "o": 5.0
    },