{
    "bfi_responses_man1": {
        "invalid response": 0,
        "e": 2.0,
        "a": 4.666666666666667,
        "c": 4.0,
        "n": 2.6666666666666665,
        "o": 2.0
    },
    "bfi_responses_man2": {
        "invalid response": 0,
        "e": 2.3333333333333335,
        "a": 4.666666666666667,
        "c": 3.6666666666666665,
        "n": 1.6666666666666667,
        "o": 2.3333333333333335
    },
    "bfi_responses_man3": {
        "invalid response": 0,
        "e": 1.6666666666666667,
        "a": 4.333333333333333,
        "c": 4.0,
        "n": 2.3333333333333335,
        "o": 2.3333333333333335
    },
    "bfi_responses_man4": {
        "invalid response": 0,
        "e": 1.6666666666666667,
        "a": 4.333333333333333,
        "c": 4.0,
        "n": 2.6666666666666665,
        "o": 2.0
    },
    "bfi_responses_man5": {
        "invalid response": 0,
        "e": 1.6666666666666667,
        "a": 4.333333333333333,
        "c": 3.6666666666666665,
        "n": 2.6666666666666665,
        "o": 2.3333333333333335
    },
    "bfi_responses_man6": {
        "invalid response": 0,
        "e": 2.0,
        "a": 4.666666666666667,
        "c": 4.0,
        "n": 2.6666666666666665,
        "o": 2.0
    },
    "bfi_responses_man7": {
        "invalid response": 0,
        "e": 2.0,
        "a": 4.666666666666667,
        "c": 4.0,
        "n": 2.3333333333333335,
        "o": 1.6666666666666667
    },
    "bfi_responses_man8": {
        "invalid response": 0,
        "e": 2.0,
        "a": 4.666666666666667,
        "c": 4.333333333333333,
        "n": 1.6666666666666667,
        "o": 2.6666666666666665
    },
    "bfi_responses_man9": {
        "invalid response": 0,
        "e": 2.6666666666666665,
        "a": 4.666666666666667,
        "c": 4.0,
        "n": 1.3333333333333333,
        "o": 2.6666666666666665
    },
    "bfi_responses_man10": {
        "invalid response": 0,
        "e": 2.6666666666666665,
        "a": 4.333333333333333,
        "c": 4.0,
        "n": 2.3333333333333335,
        "o": 2.0
    },
    "bfi_responses_man11": {
        "invalid response": 0,
        "e": 1.6666666666666667,
        "a": 4.666666666666667,
        "c": 3.6666666666666665,
        "n": 2.6666666666666665,
        "o": 2.3333333333333335
    },
    "bfi_responses_man12": {
        "invalid response": 0,
        "e": 1.6666666666666667,
        "a": 4.333333333333333,
        "c": 3.3333333333333335,
        "n": 2.6666666666666665,
        "o": 2.0
    },
    "bfi_responses_man13": {
        "invalid response": 0,
        "e": 2.3333333333333335,
        "a": 4.0,
        "c": 4.0,
        "n": 2.6666666666666665,
        "o": 2.3333333333333335
    },
    "bfi_responses_man14": {
        "invalid response": 0,
        "e": 1.3333333333333333,
        "a": 4.0,
        "c": 3.3333333333333335,
        "n": 2.3333333333333335,
        "o": 2.0
    },
    "bfi_responses_man15": {
        "invalid response": 0,
        "e": 2.0,
        "a": 4.0,
        "c": 3.6666666666666665,
        "n": 2.3333333333333335,
        "o": 2.6666666666666665
    },
    "bfi_responses_man16": {
        "invalid response": 0,
        "e": 1.3333333333333333,
        "a": 4.333333333333333,
        "c": 3.6666666666666665,
        "n": 3.3333333333333335,
        "o": 2.0
    },
    "bfi_responses_man17": {
        "invalid response": 0,
        "e": 2.0,
        "a": 4.666666666666667,
        "c": 3.6666666666666665,
        "n": 2.6666666666666665,
        "o": 2.3333333333333335
    },
    "bfi_responses_man18": {
        "invalid response": 0,
        "e": 2.3333333333333335,
        "a": 4.333333333333333,
        "c": 4.0,
        "n": 2.0,
        "o": 2.6666666666666665
    },
    "bfi_responses_man19": {
        "invalid response": 0,
        "e": 2.0,
        "a": 5.0,
        "c": 4.0,
        "n": 2.0,
        "o": 2.0
    },
    "bfi_responses_man20": {
        "invalid response": 0,
        "e": 2.6666666666666665,
        "a": 5.0,
        "c": 4.333333333333333,
        "n": 2.0,
        "o": 2.6666666666666665
    },
    "bfi_responses_man21": {
        "invalid response": 0,
        "e": 2.0,
        "a": 4.666666666666667,
        "c": 4.333333333333333,
        "n": 1.6666666666666667,
        "o": 2.3333333333333335
    },
    "bfi_responses_man22": {
        "invalid response": 0,
        "e": 2.0,
        "a": 4.333333333333333,
        "c": 3.6666666666666665,
        "n": 2.3333333333333335,
        "o": 1.6666666666666667
    },
    "bfi_responses_man23": {
        "invalid response": 0,
        "e": 2.0,
        "a": 5.0,
        "c": 3.3333333333333335,
        "n": 2.0,
        "o": 2.6666666666666665
    },
    "bfi_responses_man24": {
        "invalid response": 0,
        "e": 2.0,
        "a": 5.0,
        "c": 4.333333333333333,
        "n": 2.0,
        "o": 2.0
    },
    "bfi_responses_man25": {
        "invalid response": 0,
        "e": 2.0,
        "a": 4.333333333333333,
        "c": 3.3333333333333335,
        "n": 3.3333333333333335,
        "o": 2.0
    },
    "bfi_responses_man26": {
        "invalid response": 0,
        "e": 2.3333333333333335,
        "a": 4.666666666666667,
        "c": 3.6666666666666665,
        "n": 2.3333333333333335,
        "o": 2.3333333333333335
    },
    "bfi_responses_man27": {
        "invalid response": 0,
        "e": 2.0,
        "a": 3.3333333333333335,
        "c": 3.6666666666666665,
        "n": 3.0,
        "o": 2.0
    },
    "bfi_responses_man28": {
        "invalid response": 0,
        "e": 2.3333333333333335,
        "a": 4.333333333333333,
        "c": 3.6666666666666665,
        "n": 3.0,
        "o": 3.0
    },
    "bfi_responses_man29": {
        "invalid response": 0,
        "e": 2.3333333333333335,
        "a": 4.666666666666667,
        "c": 4.333333333333333,
        "n": 1.6666666666666667,
        "o": 2.3333333333333335
    },
    "bfi_responses_man30": {
        "invalid response": 0,
        "e": 2.0,
        "a": 4.666666666666667,
        "c": 4.333333333333333,
        "n": 1.0,
        "o": 2.6666666666666665
    },
    "bfi_responses_man31": {
        "invalid response": 0,
        "e": 1.6666666666666667,
        "a": 4.333333333333333,
        "c": 3.6666666666666665,
        "n": 2.0,
        "o": 2.3333333333333335
    },
    "bfi_responses_man32": {
        "invalid response": 0,
        "e": 1.6666666666666667,
        "a": 4.0,
        "c": 3.6666666666666665,
        "n": 2.6666666666666665,
        "o": 2.3333333333333335
    },
    "bfi_responses_man33": {
        "invalid response": 0,
        "e": 2.0,
        "a": 3.6666666666666665,
        "c": 3.3333333333333335,
        "n": 2.6666666666666665,
        "o": 2.0
    },
    "bfi_responses_man34": {
        "invalid response": 0,
        "e": 1.6666666666666667,
        "a": 4.0,
        "c": 4.0,
        "n": 2.3333333333333335,
        "o": 1.6666666666666667
    },
    "bfi_responses_man35": {
        "invalid response": 0,
        "e": 2.0,
        "a": 4.333333333333333,
        "c": 4.0,
        "n": 2.3333333333333335,
        "o": 2.3333333333333335
    },
    "bfi_responses_man36": {
        "invalid response": 0,
        "e": 2.0,
        "a": 5.0,
        "c": 4.0,
        "n": 1.3333333333333333,
        "o": 2.3333333333333335
    },
    "bfi_responses_man37": {
        "invalid response": 0,
        "e": 1.6666666666666667,
        "a": 4.333333333333333,
        "c": 4.333333333333333,
        "n": 1.3333333333333333,
        "o": 2.0
    },
    "bfi_responses_man38": {
        "invalid response": 0,
        "e": 1.3333333333333333,
        "a": 4.666666666666667,
        "c": 4.333333333333333,
        "n": 1.3333333333333333,
        "o": 2.3333333333333335
    },
    "bfi_responses_man39": {
        "invalid response": 0,
        "e": 2.0,
        "a": 4.666666666666667,
        "c": 4.0,
        "n": 1.6666666666666667,
        "o": 2.0
    },