{
    "testePsycho15": {
        "invalid response": 0,
        "e": 3.0,
        "a": 3.6666666666666665,
        "c": 3.3333333333333335,
        "n": 2.6666666666666665,
        "o": 3.6666666666666665
    },
    "testePsycho16": {
        "invalid response": 0,
        "e": 2.6666666666666665,
        "a": 4.0,
        "c": 3.0,
        "n": 2.6666666666666665,
        "o": 3.0
    },
    "testePsycho17": {
        "invalid response": 0,
        "e": 3.6666666666666665,
        "a": 3.3333333333333335,
        "c": 3.6666666666666665,
        "n": 2.3333333333333335,
        "o": 3.3333333333333335
    },
    "testePsycho18": {
        "invalid response": 0,
        "e": 2.3333333333333335,
        "a": 2.6666666666666665,
        "c": 6.333333333333333,
        "n": 8.666666666666666,
        "o": 5.666666666666667
    },
    "testePsycho19": {
        "invalid response": 0,
        "e": 3.3333333333333335,
        "a": 3.6666666666666665,
        "c": 3.0,
        "n": 2.0,
        "o": 3.6666666666666665
    },
    "testePsycho21": {
        "invalid response": 0,
        "e": 3.6666666666666665,
        "a": 4.0,
        "c": 3.0,
        "n": 2.6666666666666665,
        "o": 3.6666666666666665
    },
    "testePsycho22": {
        "invalid response": 0,
        "e": 2.6666666666666665,
        "a": 2.6666666666666665,
        "c": 2.6666666666666665,
        "n": 3.3333333333333335,
        "o": 2.3333333333333335
    },
    "testePsycho23": {
        "invalid response": 0,
        "e": 3.6666666666666665,
        "a": 3.3333333333333335,
        "c": 3.3333333333333335,
        "n": 2.0,
        "o": 3.3333333333333335
    },
    "testePsycho24": {
        "invalid response": 0,
        "e": 3.0,
        "a": 3.6666666666666665,
        "c": 3.0,
        "n": 2.0,
        "o": 3.3333333333333335
    },
    "testePsycho25": {
        "invalid response": 0,
        "e": 3.3333333333333335,
        "a": 3.0,
        "c": 3.3333333333333335,
        "n": 2.6666666666666665,
        "o": 3.3333333333333335
    }
}