{
    "bfi_responses1": {
        "invalid response": 0,
        "e": 1.0,
        "a": 2.3333333333333335,
        "c": 2.6666666666666665,
        "n": 3.3333333333333335,
        "o": 1.6666666666666667
    },
    "bfi_responses2": {
        "invalid response": 1,
        "e": 1.3333333333333333,
        "a": 2.0,
        "c": 1.6666666666666667,
        "n": 3.0,
        "o": 1.3333333333333333
    },
    "bfi_responses3": {
        "invalid response": 0,
        "e": 1.0,
        "a": 2.3333333333333335,
        "c": 2.6666666666666665,
        "n": 4.333333333333333,
        "o": 1.3333333333333333
    },
    "bfi_responses4": {
        "invalid response": 2,
        "e": 1.6666666666666667,
        "a": 2.3333333333333335,
        "c": 3.0,
        "n": 3.6666666666666665,
        "o": 1.6666666666666667
    },
    "bfi_responses5": {
        "invalid response": 0,
        "e": 2.0,
        "a": 2.6666666666666665,
        "c": 2.6666666666666665,
        "n": 3.3333333333333335,
        "o": 1.3333333333333333
    },
    "bfi_responses6": {
        "invalid response": 1,
        "e": 1.3333333333333333,
        "a": 2.0,
        "c": 1.6666666666666667,
        "n": 4.0,
        "o": 1.0
    },
    "bfi_responses7": {
        "invalid response": 0,
        "e": 1.3333333333333333,
        "a": 3.0,
        "c": 2.0,
        "n": 3.6666666666666665,
        "o": 2.0
    },
    "bfi_responses8": {
        "invalid response": 1,
        "e": 1.3333333333333333,
        "a": 2.0,
        "c": 1.6666666666666667,
        "n": 4.333333333333333,
        "o": 1.3333333333333333
    },
    "bfi_responses9": {
        "invalid response": 0,
        "e": 1.6666666666666667,
        "a": 2.3333333333333335,
        "c": 2.6666666666666665,
        "n": 3.3333333333333335,
        "o": 1.0
    },
    "bfi_responses10": {
        "invalid response": 0,
        "e": 1.6666666666666667,
        "a": 2.3333333333333335,
        "c": 2.6666666666666665,
        "n": 3.0,
        "o": 1.3333333333333333
    },
    "bfi_responses11": {
        "invalid response": 1,
        "e": 1.3333333333333333,
        "a": 2.3333333333333335,
        "c": 1.6666666666666667,
        "n": 4.0,
        "o": 1.0
    },
    "bfi_responses12": {
        "invalid response": 0,
        "e": 1.3333333333333333,
        "a": 3.3333333333333335,
        "c": 3.3333333333333335,
        "n": 3.3333333333333335,
        "o": 2.0
    },
    "bfi_responses13": {
        "invalid response": 1,
        "e": 1.6666666666666667,
        "a": 3.6666666666666665,
        "c": 3.0,
        "n": 3.0,
        "o": 2.3333333333333335
    },
    "bfi_responses14": {
        "invalid response": 1,
        "e": 1.3333333333333333,
        "a": 3.0,
        "c": 2.6666666666666665,
        "n": 3.6666666666666665,
        "o": 1.6666666666666667
    },
    "bfi_responses15": {
        "invalid response": 0,
        "e": 1.0,
        "a": 3.3333333333333335,
        "c": 3.0,
        "n": 4.333333333333333,
        "o": 1.3333333333333333
    },
    "bfi_responses16": {
        "invalid response": 0,
        "e": 1.6666666666666667,
        "a": 3.0,
        "c": 2.0,
        "n": 3.6666666666666665,
        "o": 1.6666666666666667
    },
    "bfi_responses17": {
        "invalid response": 0,
        "e": 1.6666666666666667,
        "a": 2.6666666666666665,
        "c": 2.6666666666666665,
        "n": 3.3333333333333335,
        "o": 1.3333333333333333
    },
    "bfi_responses18": {
        "invalid response": 0,
        "e": 1.6666666666666667,
        "a": 2.6666666666666665,
        "c": 2.6666666666666665,
        "n": 4.333333333333333,
        "o": 1.0
    },
    "bfi_responses19": {
        "invalid response": 1,
        "e": 1.3333333333333333,
        "a": 2.6666666666666665,
        "c": 3.0,
        "n": 3.6666666666666665,
        "o": 1.3333333333333333
    },
    "bfi_responses20": {
        "invalid response": 1,
        "e": 1.6666666666666667,
        "a": 3.3333333333333335,
        "c": 2.6666666666666665,
        "n": 3.6666666666666665,
        "o": 1.6666666666666667
    },
    "bfi_responses21": {
        "invalid response": 0,
        "e": 1.3333333333333333,
        "a": 2.6666666666666665,
        "c": 2.3333333333333335,
        "n": 4.0,
        "o": 1.3333333333333333
    },
    "bfi_responses22": {
        "invalid response": 0,
        "e": 2.0,
        "a": 3.0,
        "c": 3.0,
        "n": 3.3333333333333335,
        "o": 1.3333333333333333
    },
    "bfi_responses23": {
        "invalid response": 0,
        "e": 1.3333333333333333,
        "a": 3.3333333333333335,
        "c": 2.0,
        "n": 4.333333333333333,
        "o": 1.0
    },
    "bfi_responses24": {
        "invalid response": 0,
        "e": 1.6666666666666667,
        "a": 2.3333333333333335,
        "c": 2.6666666666666665,
        "n": 3.3333333333333335,
        "o": 2.3333333333333335
    },
    "bfi_responses25": {
        "invalid response": 0,
        "e": 1.0,
        "a": 2.0,
        "c": 2.6666666666666665,
        "n": 4.666666666666667,
        "o": 1.3333333333333333
    },
    "bfi_responses26": {
        "invalid response": 0,
        "e": 1.3333333333333333,
        "a": 3.6666666666666665,
        "c": 3.3333333333333335,
        "n": 3.6666666666666665,
        "o": 2.3333333333333335
    },
    "bfi_responses27": {
        "invalid response": 0,
        "e": 2.0,
        "a": 2.3333333333333335,
        "c": 3.0,
        "n": 3.6666666666666665,
        "o": 1.6666666666666667
    },
    "bfi_responses28": {
        "invalid response": 0,
        "e": 1.0,
        "a": 2.6666666666666665,
        "c": 2.6666666666666665,
        "n": 4.0,
        "o": 1.3333333333333333
    },
    "bfi_responses29": {
        "invalid response": 0,
        "e": 1.3333333333333333,
        "a": 2.6666666666666665,
        "c": 2.6666666666666665,
        "n": 3.6666666666666665,
        "o": 1.3333333333333333
    },
    "bfi_responses30": {
        "invalid response": 0,
        "e": 1.6666666666666667,
        "a": 3.3333333333333335,
        "c": 3.0,
        "n": 3.6666666666666665,
        "o": 1.6666666666666667
    },
    "bfi_responses31": {
        "invalid response": 0,
        "e": 1.3333333333333333,
        "a": 4.0,
        "c": 3.0,
        "n": 3.3333333333333335,
        "o": 1.6666666666666667
    },
    "bfi_responses32": {
        "invalid response": 0,
        "e": 1.6666666666666667,
        "a": 2.6666666666666665,
        "c": 2.3333333333333335,
        "n": 3.0,
        "o": 1.0
    },
    "bfi_responses33": {
        "invalid response": 1,
        "e": 1.0,
        "a": 3.3333333333333335,
        "c": 2.6666666666666665,
        "n": 3.3333333333333335,
        "o": 1.6666666666666667
    },
    "bfi_responses34": {
        "invalid response": 0,
        "e": 1.0,
        "a": 2.6666666666666665,
        "c": 1.6666666666666667,
        "n": 4.666666666666667,
        "o": 1.3333333333333333
    },
    "bfi_responses35": {
        "invalid response": 0,
        "e": 1.0,
        "a": 3.3333333333333335,
        "c": 2.3333333333333335,
        "n": 3.3333333333333335,
        "o": 1.3333333333333333
    },
    "bfi_responses36": {
        "invalid response": 0,
        "e": 2.0,
        "a": 2.6666666666666665,
        "c": 2.6666666666666665,
        "n": 4.0,
        "o": 2.0
    },
    "bfi_responses37": {
        "invalid response": 0,
        "e": 1.3333333333333333,
        "a": 3.3333333333333335,
        "c": 3.6666666666666665,
        "n": 3.3333333333333335,
        "o": 1.6666666666666667
    },
    "bfi_responses38": {
        "invalid response": 0,
        "e": 1.6666666666666667,
        "a": 3.0,
        "c": 2.6666666666666665,
        "n": 4.333333333333333,
        "o": 1.6666666666666667
    },
    "bfi_responses39": {
        "invalid response": 0,
        "e": 1.6666666666666667,
        "a": 2.3333333333333335,
        "c": 2.6666666666666665,