{
    "testePsycho1": {
        "invalid response": 0,
        "e": 3.3333333333333335,
        "a": 3.0,
        "c": 3.0,
        "n": 2.6666666666666665,
        "o": 3.3333333333333335
    },
    "testePsycho2": {
        "invalid response": 0,
        "e": 3.6666666666666665,
        "a": 3.3333333333333335,
        "c": 3.0,
        "n": 1.6666666666666667,
        "o": 3.3333333333333335
    },
    "testePsycho3": {
        "invalid response": 0,
        "e": 3.0,
        "a": 3.3333333333333335,
        "c": 3.3333333333333335,
        "n": 1.6666666666666667,
        "o": 4.666666666666667
    },
    "testePsycho4": {
        "invalid response": 0,
        "e": 3.0,
        "a": 3.0,
        "c": 3.0,
        "n": 2.0,
        "o": 3.0
    },
    "testePsycho5": {
        "invalid response": 0,
        "e": 3.0,
        "a": 2.6666666666666665,
        "c": 3.0,
        "n": 3.0,
        "o": 3.0
    },
    "testePsycho6": {
        "invalid response": 0,
        "e": 4.0,
        "a": 4.0,
        "c": 3.0,
        "n": 2.0,
        "o": 4.333333333333333
    },
    "testePsycho7": {
        "invalid response": 0,
        "e": 3.3333333333333335,
        "a": 4.0,
        "c": 3.0,
        "n": 2.6666666666666665,
        "o": 4.333333333333333
    },
    "testePsycho8": {
        "invalid response": 0,
        "e": 3.3333333333333335,
        "a": 4.333333333333333,
        "c": 3.0,
        "n": 2.3333333333333335,
        "o": 4.666666666666667
    },
    "testePsycho9": {
        "invalid response": 0,
        "e": 4.0,
        "a": 4.666666666666667,
        "c": 3.3333333333333335,
        "n": 2.3333333333333335,
        "o": 4.333333333333333
    },
    "testePsycho10": {
        "invalid response": 0,
        "e": 3.3333333333333335,
        "a": 4.666666666666667,
        "c": 3.6666666666666665,
        "n": 2.3333333333333335,
        "o": 4.0
    },
    "testePsycho11": {
        "invalid response": 0,
        "e": 3.0,
        "a": 3.6666666666666665,
        "c": 3.0,
        "n": 2.0,
        "o": 3.0
    },
    "testePsycho12": {
        "invalid response": 0,
        "e": 3.0,
        "a": 3.3333333333333335,
        "c": 3.0,
        "n": 2.3333333333333335,
        "o": 3.3333333333333335
    },
    "testePsycho13": {
        "invalid response": 0,
        "e": 3.0,
        "a": 3.0,
        "c": 3.0,
        "n": 2.6666666666666665,
        "o": 3.3333333333333335
    },
    "testePsycho14": {
        "invalid response": 0,
        "e": 3.6666666666666665,
        "a": 4.666666666666667,
        "c": 3.6666666666666665,
        "n": 1.0,
        "o": 4.333333333333333
    },
    "testePsycho15": {
        "invalid response": 0,
        "e": 3.0,
        "a": 3.6666666666666665,
        "c": 3.3333333333333335,
        "n": 2.6666666666666665,
        "o": 3.6666666666666665
    },
    "testePsycho16": {
        "invalid response": 0,
        "e": 2.6666666666666665,
        "a": 4.0,
        "c": 3.0,
        "n": 2.6666666666666665,
        "o": 3.0
    },
    "testePsycho17": {
        "invalid response": 0,
        "e": 3.0,
        "a": 3.0,
        "c": 3.0,
        "n": 2.0,
        "o": 3.6666666666666665
    },
    "testePsycho18": {
        "invalid response": 0,
        "e": 4.333333333333333,
        "a": 4.666666666666667,
        "c": 3.6666666666666665,
        "n": 2.0,
        "o": 4.666666666666667
    },
    "testePsycho19": {
        "invalid response": 0,
        "e": 4.333333333333333,
        "a": 4.666666666666667,
        "c": 3.3333333333333335,
        "n": 2.0,
        "o": 4.0
    },
    "testePsycho20": {
        "invalid response": 0,
        "e": 3.0,
        "a": 4.0,
        "c": 3.6666666666666665,
        "n": 2.3333333333333335,
        "o": 4.666666666666667
    },
    "testePsycho21": {
        "invalid response": 0,
        "e": 3.3333333333333335,
        "a": 3.6666666666666665,
        "c": 3.0,
        "n": 2.3333333333333335,
        "o": 4.333333333333333
    },
    "testePsycho22": {
        "invalid response": 0,
        "e": 3.0,
        "a": 3.0,
        "c": 3.0,
        "n": 2.3333333333333335,
        "o": 3.0
    },
    "testePsycho23": {
        "invalid response": 0,
        "e": 3.0,
        "a": 3.0,
        "c": 3.0,
        "n": 2.3333333333333335,
        "o": 3.3333333333333335
    },
    "testePsycho24": {
        "invalid response": 0,
        "e": 4.333333333333333,
        "a": 5.0,
        "c": 4.333333333333333,
        "n": 1.6666666666666667,
        "o": 4.666666666666667
    },
    "testePsycho25": {
        "invalid response": 0,
        "e": 4.333333333333333,
        "a": 5.0,
        "c": 3.6666666666666665,
        "n": 2.3333333333333335,
        "o": 4.666666666666667
    },
    "testePsycho26": {
        "invalid response": 0,
        "e": 4.333333333333333,
        "a": 4.666666666666667,
        "c": 3.3333333333333335,
        "n": 2.6666666666666665,
        "o": 4.333333333333333
    },
    "testePsycho27": {
        "invalid response": 0,
        "e": 3.0,
        "a": 3.0,
        "c": 3.0,
        "n": 2.0,
        "o": 3.6666666666666665
    },
    "testePsycho28": {
        "invalid response": 0,
        "e": 4.0,
        "a": 4.666666666666667,
        "c": 3.0,
        "n": 2.6666666666666665,
        "o": 4.333333333333333
    },
    "testePsycho29": {
        "invalid response": 0,
        "e": 3.3333333333333335,
        "a": 5.0,
        "c": 3.6666666666666665,
        "n": 2.3333333333333335,
        "o": 4.333333333333333
    },
    "testePsycho30": {
        "invalid response": 0,
        "e": 3.3333333333333335,
        "a": 4.0,
        "c": 3.3333333333333335,
        "n": 2.3333333333333335,
        "o": 4.333333333333333
    },
    "testePsycho31": {
        "invalid response": 0,
        "e": 3.6666666666666665,
        "a": 5.0,
        "c": 3.6666666666666665,
        "n": 1.6666666666666667,
        "o": 4.333333333333333
    },
    "testePsycho32": {
        "invalid response": 0,
        "e": 3.6666666666666665,
        "a": 5.0,
        "c": 3.6666666666666665,
        "n": 2.0,
        "o": 5.0
    },
    "testePsycho33": {
        "invalid response": 0,
        "e": 3.3333333333333335,
        "a": 4.333333333333333,
        "c": 3.3333333333333335,
        "n": 2.3333333333333335,
        "o": 3.6666666666666665
    },
    "testePsycho34": {
        "invalid response": 0,
        "e": 4.0,
        "a": 4.666666666666667,
        "c": 3.3333333333333335,
        "n": 2.6666666666666665,
        "o": 4.333333333333333
    },
    "testePsycho35": {
        "invalid response": 0,
        "e": 3.3333333333333335,
        "a": 3.6666666666666665,
        "c": 3.0,
        "n": 2.0,
        "o": 4.0
    },
    "testePsycho36": {
        "invalid response": 0,
        "e": 3.6666666666666665,
        "a": 3.6666666666666665,
        "c": 3.3333333333333335,
        "n": 2.3333333333333335,
        "o": 4.333333333333333
    },
    "testePsycho37": {
        "invalid response": 0,
        "e": 3.0,
        "a": 3.0,
        "c": 3.0,
        "n": 2.3333333333333335,
        "o": 3.3333333333333335
    },
    "testePsycho38": {
        "invalid response": 0,
        "e": 2.6666666666666665,
        "a": 3.6666666666666665,
        "c": 3.0,
        "n": 2.3333333333333335,
        "o": 3.6666666666666665
    },
    "testePsycho39": {
        "invalid response": 0,
        "e": 3.0,
        "a": 3.0,
        "c": 3.0,
        "n": 2.3333333333333335,
        "o": 3.0
    },
    "testePsycho40": {
        "invalid response": 0,
        "e": 3.3333333333333335,
        "a": 3.3333333333333335,
        "c": 3.6666666666666665,
        "n": 2.3333333333333335,
        "o": 4.666666666666667
    },
    "testePsycho41": {
        "invalid response": 0,
        "e": 3.0,
        "a": 3.0,
        "c": 3.0,
        "n": 2.3333333333333335,
        "o": 3.3333333333333335
    },