{
    "bfi_responses_nocontext1": {
        "invalid response": 2,
        "e": 2.6666666666666665,
        "a": 3.0,
        "c": 2.6666666666666665,
        "n": 2.0,
        "o": 2.6666666666666665
    },
    "bfi_responses_nocontext2": {
        "invalid response": 8,
        "e": 2.3333333333333335,
        "a": 3.3333333333333335,
        "c": 3.6666666666666665,
        "n": 2.3333333333333335,
        "o": 3.0
    },
    "bfi_responses_nocontext3": {
        "invalid response": 5,
        "e": 3.3333333333333335,
        "a": 3.0,
        "c": 3.3333333333333335,
        "n": 2.6666666666666665,
        "o": 2.0
    },
    "bfi_responses_nocontext4": {
        "invalid response": 4,
        "e": 2.3333333333333335,
        "a": 3.3333333333333335,
        "c": 3.3333333333333335,
        "n": 2.3333333333333335,
        "o": 3.0
    },
    "bfi_responses_nocontext5": {
        "invalid response": 6,
        "e": 2.6666666666666665,
        "a": 3.3333333333333335,
        "c": 3.0,
        "n": 2.0,
        "o": 2.6666666666666665
    },
    "bfi_responses_nocontext6": {
        "invalid response": 7,
        "e": 2.6666666666666665,
        "a": 2.6666666666666665,
        "c": 3.3333333333333335,
        "n": 3.0,
        "o": 2.3333333333333335
    },
    "bfi_responses_nocontext7": {
        "invalid response": 6,
        "e": 3.0,
        "a": 3.0,
        "c": 3.0,
        "n": 2.0,
        "o": 2.6666666666666665
    },
    "bfi_responses_nocontext8": {
        "invalid response": 7,
        "e": 2.6666666666666665,
        "a": 3.0,
        "c": 3.0,
        "n": 2.6666666666666665,
        "o": 3.0
    },
    "bfi_responses_nocontext9": {
        "invalid response": 10,
        "e": 2.3333333333333335,
        "a": 3.6666666666666665,
        "c": 3.3333333333333335,
        "n": 2.3333333333333335,
        "o": 2.6666666666666665
    },
    "bfi_responses_nocontext10": {
        "invalid response": 6,
        "e": 2.6666666666666665,
        "a": 3.6666666666666665,
        "c": 2.3333333333333335,
        "n": 2.0,
        "o": 2.3333333333333335
    },
    "bfi_responses_nocontext11": {
        "invalid response": 9,
        "e": 3.3333333333333335,
        "a": 3.0,
        "c": 3.0,
        "n": 2.6666666666666665,
        "o": 2.6666666666666665
    },
    "bfi_responses_nocontext12": {
        "invalid response": 8,
        "e": 2.0,
        "a": 3.0,
        "c": 3.0,
        "n": 2.0,
        "o": 2.6666666666666665
    },
    "bfi_responses_nocontext13": {
        "invalid response": 6,
        "e": 2.6666666666666665,
        "a": 3.3333333333333335,
        "c": 2.6666666666666665,
        "n": 2.6666666666666665,
        "o": 2.6666666666666665
    },
    "bfi_responses_nocontext14": {
        "invalid response": 12,
        "e": 3.0,
        "a": 3.3333333333333335,
        "c": 2.6666666666666665,
        "n": 2.0,
        "o": 3.0
    },
    "bfi_responses_nocontext15": {
        "invalid response": 8,
        "e": 3.0,
        "a": 3.3333333333333335,
        "c": 3.0,
        "n": 2.0,
        "o": 2.3333333333333335
    },
    "bfi_responses_nocontext16": {
        "invalid response": 13,
        "e": 2.6666666666666665,
        "a": 3.0,
        "c": 3.0,
        "n": 2.0,
        "o": 3.0
    },
    "bfi_responses_nocontext17": {
        "invalid response": 4,
        "e": 2.3333333333333335,
        "a": 3.6666666666666665,
        "c": 3.0,
        "n": 2.3333333333333335,
        "o": 3.0
    },
    "bfi_responses_nocontext18": {
        "invalid response": 7,
        "e": 3.0,
        "a": 3.6666666666666665,
        "c": 3.0,
        "n": 2.0,
        "o": 3.0
    },
    "bfi_responses_nocontext19": {
        "invalid response": 9,
        "e": 2.6666666666666665,
        "a": 3.6666666666666665,
        "c": 2.6666666666666665,
        "n": 2.3333333333333335,
        "o": 2.3333333333333335
    },
    "bfi_responses_nocontext20": {
        "invalid response": 9,
        "e": 3.3333333333333335,
        "a": 3.3333333333333335,
        "c": 3.0,
        "n": 2.3333333333333335,
        "o": 3.0
    },
    "bfi_responses_nocontext21": {
        "invalid response": 2,
        "e": 3.0,
        "a": 3.6666666666666665,
        "c": 3.6666666666666665,
        "n": 2.0,
        "o": 2.6666666666666665
    },
    "bfi_responses_nocontext22": {
        "invalid response": 2,
        "e": 3.0,
        "a": 3.6666666666666665,
        "c": 3.6666666666666665,
        "n": 2.0,
        "o": 2.6666666666666665
    },
    "bfi_responses_nocontext23": {
        "invalid response": 14,
        "e": 3.0,
        "a": 3.0,
        "c": 3.0,
        "n": 2.6666666666666665,
        "o": 2.6666666666666665
    },
    "bfi_responses_nocontext24": {
        "invalid response": 12,
        "e": 3.0,
        "a": 3.0,
        "c": 3.3333333333333335,
        "n": 2.3333333333333335,
        "o": 2.6666666666666665
    },
    "bfi_responses_nocontext25": {
        "invalid response": 12,
        "e": 2.6666666666666665,
        "a": 3.3333333333333335,
        "c": 3.3333333333333335,
        "n": 2.3333333333333335,
        "o": 2.6666666666666665
    },
    "bfi_responses_nocontext26": {
        "invalid response": 2,
        "e": 3.0,
        "a": 3.6666666666666665,
        "c": 3.6666666666666665,
        "n": 2.0,
        "o": 2.6666666666666665
    },
    "bfi_responses_nocontext27": {
        "invalid response": 13,
        "e": 2.6666666666666665,
        "a": 3.3333333333333335,
        "c": 2.6666666666666665,
        "n": 2.3333333333333335,
        "o": 2.6666666666666665
    },
    "bfi_responses_nocontext28": {
        "invalid response": 21,
        "e": 3.3333333333333335,
        "a": 3.6666666666666665,
        "c": 2.6666666666666665,
        "n": 2.6666666666666665,
        "o": 2.6666666666666665
    },
    "bfi_responses_nocontext29": {
        "invalid response": 13,
        "e": 2.6666666666666665,
        "a": 3.0,
        "c": 3.3333333333333335,
        "n": 2.0,
        "o": 3.0
    },
    "bfi_responses_nocontext30": {
        "invalid response": 10,
        "e": 3.0,
        "a": 3.3333333333333335,
        "c": 3.3333333333333335,
        "n": 1.6666666666666667,
        "o": 2.6666666666666665
    },
    "bfi_responses_nocontext31": {
        "invalid response": 9,
        "e": 3.0,
        "a": 3.3333333333333335,
        "c": 3.0,
        "n": 2.3333333333333335,
        "o": 3.3333333333333335
    },
    "bfi_responses_nocontext32": {
        "invalid response": 11,
        "e": 3.0,
        "a": 3.3333333333333335,
        "c": 3.3333333333333335,
        "n": 2.3333333333333335,
        "o": 3.0
    },
    "bfi_responses_nocontext33": {
        "invalid response": 7,
        "e": 3.0,
        "a": 3.3333333333333335,
        "c": 3.0,
        "n": 1.6666666666666667,
        "o": 3.0
    },
    "bfi_responses_nocontext34": {
        "invalid response": 13,
        "e": 3.0,
        "a": 3.0,
        "c": 3.3333333333333335,
        "n": 1.6666666666666667,
        "o": 3.0
    },
    "bfi_responses_nocontext35": {
        "invalid response": 8,
        "e": 2.3333333333333335,
        "a": 3.3333333333333335,
        "c": 3.0,
        "n": 1.6666666666666667,
        "o": 3.0
    },
    "bfi_responses_nocontext36": {
        "invalid response": 10,
        "e": 3.0,
        "a": 3.6666666666666665,
        "c": 3.0,
        "n": 2.6666666666666665,
        "o": 3.0
    },
    "bfi_responses_nocontext37": {
        "invalid response": 9,
        "e": 3.3333333333333335,
        "a": 3.0,
        "c": 3.0,
        "n": 2.6666666666666665,
        "o": 2.6666666666666665
    },
    "bfi_responses_nocontext38": {
        "invalid response": 15,
        "e": 3.0,
        "a": 3.3333333333333335,
        "c": 3.3333333333333335,
        "n": 1.6666666666666667,
        "o": 2.6666666666666665
    },
    "bfi_responses_nocontext39": {
        "invalid response": 14,