{
    "rFerias1": {
        "invalid response": 0,
        "e": 3.3333333333333335,
        "a": 3.3333333333333335,
        "c": 3.6666666666666665,
        "n": 2.3333333333333335,
        "o": 4.0
    },
    "rFerias2": {
        "invalid response": 0,
        "e": 3.0,
        "a": 3.6666666666666665,
        "c": 3.3333333333333335,
        "n": 2.0,
        "o": 3.6666666666666665
    },
    "rFerias3": {
        "invalid response": 0,
        "e": 3.0,
        "a": 3.6666666666666665,
        "c": 3.3333333333333335,
        "n": 2.0,
        "o": 3.6666666666666665
    },
    "rFerias4": {
        "invalid response": 0,
        "e": 3.0,
        "a": 3.6666666666666665,
        "c": 3.3333333333333335,
        "n": 2.0,
        "o": 3.6666666666666665
    },
    "rFerias5": {
        "invalid response": 0,
        "e": 3.0,
        "a": 3.6666666666666665,
        "c": 3.3333333333333335,
        "n": 2.0,
        "o": 3.6666666666666665
    },
    "rFerias6": {
        "invalid response": 0,
        "e": 3.0,
        "a": 3.6666666666666665,
        "c": 3.3333333333333335,
        "n": 2.0,
        "o": 3.6666666666666665
    },
    "rFerias7": {
        "invalid response": 0,
        "e": 3.0,
        "a": 3.6666666666666665,
        "c": 3.3333333333333335,
        "n": 2.0,
        "o": 3.6666666666666665
    },
    "rFerias8": {
        "invalid response": 0,
        "e": 3.0,
        "a": 3.6666666666666665,
        "c": 3.3333333333333335,
        "n": 2.0,
        "o": 3.6666666666666665
    },
    "rFerias9": {
        "invalid response": 0,
        "e": 3.0,
        "a": 3.6666666666666665,
        "c": 3.3333333333333335,
        "n": 2.0,
        "o": 3.6666666666666665
    },
    "rFerias10": {
        "invalid response": 0,
        "e": 3.0,
        "a": 3.6666666666666665,
        "c": 3.3333333333333335,
        "n": 2.0,
        "o": 3.6666666666666665
    },
    "rFerias11": {
        "invalid response": 0,
        "e": 3.0,
        "a": 3.6666666666666665,
        "c": 3.3333333333333335,
        "n": 2.0,
        "o": 3.6666666666666665
    },
    "rFerias12": {
        "invalid response": 0,
        "e": 3.0,
        "a": 3.6666666666666665,
        "c": 3.3333333333333335,
        "n": 2.0,
        "o": 3.6666666666666665
    },
    "rFerias13": {
        "invalid response": 0,
        "e": 3.0,
        "a": 3.6666666666666665,
        "c": 3.3333333333333335,
        "n": 2.0,
        "o": 3.6666666666666665
    },
    "rFerias14": {
        "invalid response": 0,
        "e": 3.0,
        "a": 3.6666666666666665,
        "c": 3.3333333333333335,
        "n": 2.0,
        "o": 3.6666666666666665
    },
    "rFerias15": {
        "invalid response": 0,
        "e": 3.0,
        "a": 3.6666666666666665,
        "c": 3.3333333333333335,
        "n": 2.0,
        "o": 3.6666666666666665
    },
    "rFerias16": {
        "invalid response": 0,
        "e": 3.0,
        "a": 3.6666666666666665,
        "c": 3.3333333333333335,
        "n": 2.0,
        "o": 3.6666666666666665
    },
    "rFerias17": {
        "invalid response": 0,
        "e": 3.0,
        "a": 3.6666666666666665,
        "c": 3.3333333333333335,
        "n": 2.0,
        "o": 3.6666666666666665
    },
    "rFerias18": {
        "invalid response": 0,
        "e": 3.0,
        "a": 3.6666666666666665,
        "c": 3.3333333333333335,
        "n": 2.0,
        "o": 3.6666666666666665
    },
    "rFerias19": {
        "invalid response": 0,
        "e": 3.0,
        "a": 3.6666666666666665,
        "c": 3.3333333333333335,
        "n": 2.0,
        "o": 3.6666666666666665
    },
    "rFerias20": {
        "invalid response": 0,
        "e": 3.0,
        "a": 3.6666666666666665,
        "c": 3.3333333333333335,
        "n": 2.0,
        "o": 3.6666666666666665
    },
    "rFerias21": {
        "invalid response": 0,
        "e": 3.0,
        "a": 3.6666666666666665,
        "c": 3.3333333333333335,
        "n": 2.0,
        "o": 3.6666666666666665
    },
    "rFerias22": {
        "invalid response": 0,
        "e": 3.0,
        "a": 3.6666666666666665,
        "c": 3.3333333333333335,
        "n": 2.0,
        "o": 3.6666666666666665
    },
    "rFerias23": {
        "invalid response": 0,
        "e": 3.0,
        "a": 3.6666666666666665,
        "c": 3.3333333333333335,
        "n": 2.0,
        "o": 3.6666666666666665
    },
    "rFerias24": {
        "invalid response": 0,
        "e": 3.0,
        "a": 3.6666666666666665,
        "c": 3.3333333333333335,
        "n": 2.0,
        "o": 3.6666666666666665
    },
    "rFerias25": {
        "invalid response": 0,
        "e": 3.0,
        "a": 3.6666666666666665,
        "c": 3.3333333333333335,
        "n": 2.0,
        "o": 3.6666666666666665
    }
}
